{
    "avg": {
        "psnr": 7.247535076141357,
        "ssim": 0.206632770053111,
        "lpips": 0.5787292802333832
    },
    "per_view": {
        "psnr": [
            5.70085334777832,
            5.4173078536987305,
            5.555520057678223,
            5.6424055099487305,
            5.2595367431640625,
            4.3895063400268555,
            3.992795467376709,
            4.7727460861206055,
            5.887463569641113,
            6.879248142242432,
            6.2325310707092285,
            7.023205757141113,
            6.695036888122559,
            6.995940208435059,
            8.08987045288086,
            8.867927551269531,
            8.285283088684082,
            6.051831245422363,
            5.700905799865723,
            6.907675266265869,
            6.7559614181518555,
            7.219423294067383,
            8.039595603942871,
            7.501903057098389,
            7.983024597167969,
            8.206836700439453,
            7.703088760375977,
            7.726413726806641,
            8.746448516845703,
            8.662596702575684,
            8.710711479187012,
            9.045893669128418,
            7.770688533782959,
            7.465085506439209,
            7.947670936584473,
            7.281206130981445,
            7.648069381713867,
            7.671146392822266,
            8.139196395874023,
            8.051480293273926,
            8.091029167175293,
            7.540053367614746,
            7.210433483123779,
            7.160300254821777,
            7.197868347167969,
            6.812448024749756,
            6.537123203277588,
            6.955102920532227,
            6.60431432723999,
            6.085807800292969,
            6.05754280090332,
            6.128667831420898,
            5.336272239685059,
            4.8822760581970215,
            5.2877702713012695,
            5.9963178634643555,
            6.369053840637207,
            7.873325824737549,
            7.535198211669922,
            9.569936752319336,
            10.94448471069336,
            11.870176315307617,
            12.733922958374023,
            14.847478866577148,
            14.700236320495605,
            14.768338203430176,
            14.836992263793945,
            14.874382019042969,
            14.638819694519043,
            14.397268295288086,
            14.307226181030273,
            13.432493209838867,
            11.880911827087402,
            9.002159118652344,
            8.78765869140625,
            7.489304542541504,
            6.183557033538818,
            4.926745891571045,
            4.044455528259277,
            3.6241860389709473,
            3.5797953605651855,
            4.28294038772583,
            3.609982490539551,
            3.6454460620880127,
            3.6883277893066406,
            4.311528205871582,
            4.083303451538086,
            3.773524284362793,
            3.71122145652771,
            4.2398481369018555,
            4.278495788574219,
            4.136054039001465,
            3.983773708343506,
            4.458517551422119,
            4.843486785888672,
            4.675947189331055,
            4.5253705978393555,
            4.521188259124756,
            5.182769298553467,
            5.076314926147461
        ],
        "ssim": [
            0.46357253193855286,
            0.45659011602401733,
            0.479629784822464,
            0.49599719047546387,
            0.4766731262207031,
            0.4396394193172455,
            0.390447199344635,
            0.4200350344181061,
            0.4706571102142334,
            0.44268935918807983,
            0.30631688237190247,
            0.2007857710123062,
            0.13604485988616943,
            0.1196114644408226,
            0.19483216106891632,
            0.27409255504608154,
            0.21982324123382568,
            0.07704447954893112,
            0.06754080206155777,
            0.11619018763303757,
            0.12606626749038696,
            0.15420304238796234,
            0.18801137804985046,
            0.1844455450773239,
            0.21442410349845886,
            0.25930988788604736,
            0.26707085967063904,
            0.293095201253891,
            0.36091041564941406,
            0.3619612753391266,
            0.36150062084198,
            0.42023393511772156,
            0.39426302909851074,
            0.42155662178993225,
            0.42237353324890137,
            0.3577341139316559,
            0.2849609851837158,
            0.25859442353248596,
            0.25409555435180664,
            0.23176570236682892,
            0.22605720162391663,
            0.18452054262161255,
            0.14899258315563202,
            0.13074572384357452,
            0.12262482941150665,
            0.10524185746908188,
            0.09064195305109024,
            0.15384557843208313,
            0.12296511977910995,
            0.10294788330793381,
            0.08874103426933289,
            0.08530331403017044,
            0.03108549490571022,
            0.011727316305041313,
            0.01446607057005167,
            0.018556147813796997,
            0.009781028144061565,
            0.012961767613887787,
            0.01446963008493185,
            0.015283084474503994,
            0.03088044561445713,
            0.03985815867781639,
            0.06798814982175827,
            0.30787405371665955,
            0.2674507200717926,
            0.2713678479194641,
            0.41025835275650024,
            0.39840513467788696,
            0.4542757272720337,
            0.43111708760261536,
            0.38118839263916016,
            0.25442618131637573,
            0.22297340631484985,
            0.026417190209031105,
            0.061396170407533646,
            0.053816456347703934,
            0.040708329528570175,
            0.06996659934520721,
            0.00529041001573205,
            0.00502841267734766,
            0.006144173443317413,
            0.015281489118933678,
            0.05538232624530792,
            0.06576741486787796,
            0.08090344816446304,
            0.08750063180923462,
            0.09667402505874634,
            0.09890025109052658,
            0.11975530534982681,
            0.13764719665050507,
            0.1563582718372345,
            0.1604316085577011,
            0.17951162159442902,
            0.20237083733081818,
            0.21514038741588593,
            0.228743314743042,
            0.250936359167099,
            0.2934108078479767,
            0.3179037868976593,
            0.3380785882472992
        ],