{
    "avg_metrics": {
        "psnr": 8.671298904418945,
        "ssim": 0.11392180815339088,
        "lpips": 0.9208371567726136
    },
    "per_frame_psnr": [
        8.689992904663086,
        8.689992904663086,
        8.689992904663086,
        8.681221008300781,
        8.681221008300781,
        8.681221008300781,
        8.681221008300781,
        8.702766418457031,
        8.702766418457031,
        8.702766418457031,
        8.702766418457031,
        8.716224670410156,
        8.716224670410156,
        8.716224670410156,
        8.716224670410156,
        8.725221633911133,
        8.725221633911133,
        8.725221633911133,
        8.725221633911133,
        8.723341941833496,
        8.723341941833496,
        8.723341941833496,
        8.723341941833496,
        8.634223937988281,
        8.634223937988281,
        8.634223937988281,
        8.634223937988281,
        8.557584762573242,
        8.557584762573242,
        8.557584762573242,
        8.557584762573242,
        8.618846893310547,
        8.618846893310547,
        8.618846893310547,
        8.618846893310547,
        8.658956527709961,
        8.658956527709961,
        8.658956527709961,
        8.658956527709961,
        8.666006088256836,
        8.666006088256836,
        8.666006088256836,
        8.666006088256836,
        8.623258590698242,
        8.623258590698242,
        8.623258590698242,
        8.623258590698242,
        8.754785537719727,
        8.754785537719727,
        8.754785537719727
    ],
    "per_frame_ssim": [
        0.11923851817846298,
        0.11923851817846298,
        0.11923851817846298,
        0.12067773938179016,
        0.12067773938179016,
        0.12067773938179016,
        0.12067773938179016,
        0.12357071787118912,
        0.12357071787118912,
        0.12357071787118912,
        0.12357071787118912,
        0.12408632040023804,
        0.12408632040023804,
        0.12408632040023804,
        0.12408632040023804,
        0.12222717702388763,
        0.12222717702388763,
        0.12222717702388763,
        0.12222717702388763,
        0.11978729814291,
        0.11978729814291,
        0.11978729814291,
        0.11978729814291,
        0.11222726106643677,
        0.11222726106643677,
        0.11222726106643677,
        0.11222726106643677,
        0.10528198629617691,
        0.10528198629617691,
        0.10528198629617691,
        0.10528198629617691,
        0.10646023601293564,
        0.10646023601293564,
        0.10646023601293564,
        0.10646023601293564,
        0.10736191272735596,
        0.10736191272735596,
        0.10736191272735596,
        0.10736191272735596,
        0.10621919482946396,
        0.10621919482946396,
        0.10621919482946396,
        0.10621919482946396,
        0.1043211966753006,
        0.1043211966753006,
        0.1043211966753006,
        0.1043211966753006,
        0.10983023047447205,
        0.10983023047447205,
        0.10983023047447205
    ],
    "per_frame_lpips": [
        0.9236774444580078,
        0.9236774444580078,
        0.9236774444580078,
        0.9246021509170532,
        0.9246021509170532,
        0.9246021509170532,
        0.9246021509170532,
        0.9276193380355835,
        0.9276193380355835,
        0.9276193380355835,
        0.9276193380355835,
        0.9226477146148682,
        0.9226477146148682,
        0.9226477146148682,
        0.9226477146148682,
        0.9176200032234192,
        0.9176200032234192,
        0.9176200032234192,
        0.9176200032234192,
        0.9111346006393433,
        0.9111346006393433,
        0.9111346006393433,
        0.9111346006393433,
        0.9165158271789551,
        0.9165158271789551,
        0.9165158271789551,
        0.9165158271789551,
        0.914849042892456,
        0.914849042892456,
        0.914849042892456,
        0.914849042892456,
        0.9177333116531372,
        0.9177333116531372,
        0.9177333116531372,
        0.9177333116531372,
        0.9178763031959534,
        0.9178763031959534,
        0.9178763031959534,
        0.9178763031959534,
        0.9198361039161682,
        0.9198361039161682,
        0.9198361039161682,
        0.9198361039161682,
        0.9309187531471252,
        0.9309187531471252,
        0.9309187531471252,
        0.9309187531471252,
        0.9284709692001343,
        0.9284709692001343,
        0.9284709692001343
    ]
}