{
    "psnr": 4.049907615184784,
    "ssim": 0.0352680751401931,
    "lpips": 1.1267279559373855
}