{
    "psnr": 9.2997310256958,
    "ssim": 0.03411325826309621,
    "lpips": 0.9018568104505539
}