{
    "avg_metrics": {
        "psnr": 8.663271141052245,
        "ssim": 0.12412666827440262,
        "lpips": 0.9232313632965088
    },
    "per_frame_psnr": [
        8.66586971282959,
        8.66586971282959,
        8.66586971282959,
        8.65937328338623,
        8.65937328338623
    ],
    "per_frame_ssim": [
        0.12368065863847733,
        0.12368065863847733,
        0.12368065863847733,
        0.12479568272829056,
        0.12479568272829056
    ],
    "per_frame_lpips": [
        0.923875093460083,
        0.923875093460083,
        0.923875093460083,
        0.9222657680511475,
        0.9222657680511475
    ]
}