{
    "psnr": 8.663271141052245,
    "ssim": 0.12412666827440262,
    "lpips": 0.9232313632965088
}